{"bids": [[29207.05, 13.28709], [29207.02, 0.01712], [29206.94, 1.50624], [29206.93, 0.00681], [29206.81, 0.00675]], "asks": [[29207.06, 5.96525], [29207.08, 0.60673], [29207.1, 0.0212], [29207.11, 0.01712], [29207.22, 0.0011]]}